date,hpi
1999-06-30,100.0000
1999-07-31,100.5414
1999-08-31,99.8983
1999-09-30,99.8029
1999-10-31,100.0367
1999-11-30,100.1051
1999-12-31,100.7784
2000-01-31,100.5354
2000-02-29,100.4503
2000-03-31,100.5122
2000-04-30,100.7592
2000-05-31,101.0615
2000-06-30,101.8769
2000-07-31,102.3277
2000-08-31,102.4040
2000-09-30,102.8184
2000-10-31,103.5716
2000-11-30,104.4351
2000-12-31,104.3292
2001-01-31,104.1783
2001-02-28,104.8688
2001-03-31,105.5525
2001-04-30,106.1199
2001-05-31,106.2193
2001-06-30,106.0151
2001-07-31,106.1941
2001-08-31,106.1871
2001-09-30,106.1953
2001-10-31,106.2350
2001-11-30,107.0537
2001-12-31,107.1095
2002-01-31,107.0961
2002-02-28,107.3503
2002-03-31,107.6001
2002-04-30,107.5501
2002-05-31,107.5538
2002-06-30,107.7776
2002-07-31,107.7671
2002-08-31,107.8120
2002-09-30,107.8669
2002-10-31,108.2452
2002-11-30,108.0540
2002-12-31,108.5497
2003-01-31,108.5473
2003-02-28,109.1874
2003-03-31,109.5058
2003-04-30,109.5677
2003-05-31,109.9424
2003-06-30,110.2235
2003-07-31,110.6151
2003-08-31,110.6457
2003-09-30,110.8933
2003-10-31,110.3683
2003-11-30,110.7975
2003-12-31,110.6639
2004-01-31,110.4477
2004-02-29,110.3211
2004-03-31,110.7815
2004-04-30,111.5184
2004-05-31,111.3881
2004-06-30,111.7392
2004-07-31,111.0048
2004-08-31,111.2518
2004-09-30,111.6769
2004-10-31,111.8830
2004-11-30,112.2205
2004-12-31,112.3831
2005-01-31,113.2730
2005-02-28,113.1322
2005-03-31,113.0452
2005-04-30,113.3113
2005-05-31,113.6449
2005-06-30,114.8153
2005-07-31,114.8256
2005-08-31,114.8802
2005-09-30,115.6827
2005-10-31,116.0899
2005-11-30,115.8516
2005-12-31,115.6493
2006-01-31,116.0686
2006-02-28,116.6244
2006-03-31,116.9429
2006-04-30,118.5116
2006-05-31,117.7661
2006-06-30,118.4604
2006-07-31,119.4460
2006-08-31,118.6273
2006-09-30,118.8481
2006-10-31,118.9080
2006-11-30,119.2148
2006-12-31,119.0414
2007-01-31,119.5081
2007-02-28,119.0488
2007-03-31,119.1484
2007-04-30,119.0494
2007-05-31,118.7036
2007-06-30,118.7932
2007-07-31,118.6669
2007-08-31,119.2478
2007-09-30,120.0488
2007-10-31,121.0863
2007-11-30,120.5150
2007-12-31,121.3133
2008-01-31,122.0872
2008-02-29,122.6445
2008-03-31,123.6068
2008-04-30,123.6456
2008-05-31,124.8075
2008-06-30,126.0228
2008-07-31,126.6880
2008-08-31,126.7878
2008-09-30,127.4931
2008-10-31,128.3725
2008-11-30,128.9915
2008-12-31,129.6865
2009-01-31,130.0860
2009-02-28,130.9480
2009-03-31,131.1335
2009-04-30,130.8256
2009-05-31,132.0018
2009-06-30,131.9986
2009-07-31,132.1408
2009-08-31,132.1375
2009-09-30,132.5350
2009-10-31,132.9256
2009-11-30,133.4412
2009-12-31,132.9415
2010-01-31,132.3206
2010-02-28,131.7838
2010-03-31,133.0109
2010-04-30,132.7155
2010-05-31,133.0190
2010-06-30,133.6817
2010-07-31,134.7227
2010-08-31,135.4652
2010-09-30,135.0550
2010-10-31,135.3274
2010-11-30,136.0374
2010-12-31,137.1562
