loan_id,origination_date,original_balance,balance,annual_rate,term_months,age_months,status
SYN0001,2000-01-31,267000.00,267000.00,0.078111,60,0,C
SYN0002,2000-01-31,50500.00,50500.00,0.103410,120,0,C
SYN0003,2000-01-31,303300.00,303300.00,0.082158,60,0,C
SYN0004,2000-01-31,320700.00,320700.00,0.081467,120,0,C
SYN0005,2000-01-31,228900.00,228900.00,0.082087,36,0,C
SYN0006,2000-01-31,254400.00,254400.00,0.100500,60,0,C
SYN0007,2000-01-31,341800.00,341800.00,0.100123,60,0,C
SYN0008,2000-01-31,456300.00,456300.00,0.105870,120,0,C
SYN0009,2000-01-31,485600.00,485600.00,0.088192,60,0,C
SYN0010,2000-01-31,346600.00,346600.00,0.102297,36,0,C
SYN0011,2000-01-31,451500.00,451500.00,0.106820,120,0,C
SYN0012,2000-01-31,145200.00,145200.00,0.090612,60,0,C
SYN0013,2000-01-31,489500.00,489500.00,0.102768,36,0,C
SYN0014,2000-01-31,167600.00,167600.00,0.078675,120,0,C
SYN0015,2000-01-31,128800.00,128800.00,0.087020,60,0,C
SYN0016,2000-01-31,278200.00,278200.00,0.087226,36,0,C
SYN0017,2000-01-31,435700.00,435700.00,0.100717,60,0,C
SYN0018,2000-01-31,462700.00,462700.00,0.089930,60,0,C
SYN0019,2000-01-31,222700.00,222700.00,0.106891,60,0,C
SYN0020,2000-01-31,52000.00,52000.00,0.085282,60,0,C
SYN0021,2000-01-31,451000.00,451000.00,0.092242,60,0,C
SYN0022,2000-01-31,472100.00,472100.00,0.083079,120,0,C
SYN0023,2000-01-31,123000.00,123000.00,0.078387,36,0,C
SYN0024,2000-01-31,115300.00,115300.00,0.096170,36,0,C
SYN0025,2000-01-31,418200.00,418200.00,0.087449,60,0,C
SYN0026,2000-01-31,51300.00,51300.00,0.097750,120,0,C
SYN0027,2000-01-31,335400.00,335400.00,0.084724,120,0,C
SYN0028,2000-01-31,153200.00,153200.00,0.095556,120,0,C
SYN0029,2000-01-31,343900.00,343900.00,0.104890,120,0,C
SYN0030,2000-01-31,334800.00,334800.00,0.104293,36,0,C
SYN0031,2000-01-31,462300.00,462300.00,0.093038,120,0,C
SYN0032,2000-01-31,135800.00,135800.00,0.101359,120,0,C
SYN0033,2000-01-31,258100.00,258100.00,0.089358,120,0,C
SYN0034,2000-01-31,291400.00,291400.00,0.082202,60,0,C
SYN0035,2000-01-31,53900.00,53900.00,0.077614,60,0,C
SYN0036,2000-01-31,484100.00,484100.00,0.095355,60,0,C
SYN0037,2000-01-31,453000.00,453000.00,0.083679,36,0,C
SYN0038,2000-01-31,138900.00,138900.00,0.093873,60,0,C
SYN0039,2000-01-31,360700.00,360700.00,0.081011,36,0,C
SYN0040,2000-01-31,320100.00,320100.00,0.093623,36,0,C
SYN0041,2000-01-31,429700.00,429700.00,0.099253,36,0,C
SYN0042,2000-01-31,193300.00,193300.00,0.090034,36,0,C
SYN0043,2000-01-31,101000.00,101000.00,0.092784,60,0,C
SYN0044,2000-01-31,380600.00,380600.00,0.083641,36,0,C
SYN0045,2000-01-31,499300.00,499300.00,0.103344,36,0,C
SYN0046,2000-01-31,323900.00,323900.00,0.079232,36,0,C
SYN0047,2000-01-31,428600.00,428600.00,0.102647,60,0,C
SYN0048,2000-01-31,306400.00,306400.00,0.085188,60,0,C
SYN0049,2000-01-31,258600.00,258600.00,0.077685,120,0,C
SYN0050,2000-01-31,88100.00,88100.00,0.103524,60,0,C
SYN0051,2000-01-31,226500.00,226500.00,0.088999,120,0,C
SYN0052,2000-01-31,88200.00,88200.00,0.093696,36,0,C
SYN0053,2000-01-31,428700.00,428700.00,0.102023,120,0,C
SYN0054,2000-01-31,366400.00,366400.00,0.097824,60,0,C
SYN0055,2000-01-31,258200.00,258200.00,0.105260,120,0,C
SYN0056,2000-01-31,411700.00,411700.00,0.077916,120,0,C
SYN0057,2000-01-31,331600.00,331600.00,0.080602,60,0,C
SYN0058,2000-01-31,283800.00,283800.00,0.103411,120,0,C
SYN0059,2000-01-31,106000.00,106000.00,0.091651,36,0,C
SYN0060,2000-01-31,463400.00,463400.00,0.094742,120,0,C
SYN0061,2000-01-31,423400.00,423400.00,0.088829,120,0,C
SYN0062,2000-01-31,273100.00,273100.00,0.096739,36,0,C
SYN0063,2000-01-31,408700.00,408700.00,0.100747,60,0,C
SYN0064,2000-01-31,208600.00,208600.00,0.106443,60,0,C
SYN0065,2000-01-31,299900.00,299900.00,0.090263,120,0,C
SYN0066,2000-01-31,460800.00,460800.00,0.078138,120,0,C
SYN0067,2000-01-31,128900.00,128900.00,0.083875,60,0,C
SYN0068,2000-01-31,147800.00,147800.00,0.095907,60,0,C
SYN0069,2000-01-31,80600.00,80600.00,0.096406,36,0,C
SYN0070,2000-01-31,194400.00,194400.00,0.083748,60,0,C
SYN0071,2000-01-31,332400.00,332400.00,0.104208,60,0,C
SYN0072,2000-01-31,136900.00,136900.00,0.105912,60,0,C
SYN0073,2000-01-31,139800.00,139800.00,0.081802,36,0,C
SYN0074,2000-01-31,262400.00,262400.00,0.078178,60,0,C
SYN0075,2000-01-31,289800.00,289800.00,0.077241,120,0,C
SYN0076,2000-01-31,431700.00,431700.00,0.087325,60,0,C
SYN0077,2000-01-31,149600.00,149600.00,0.084558,120,0,C
SYN0078,2000-01-31,465500.00,465500.00,0.089532,120,0,C
SYN0079,2000-01-31,424900.00,424900.00,0.098840,120,0,C
SYN0080,2000-01-31,160800.00,160800.00,0.079337,120,0,C
SYN0081,2000-01-31,202700.00,202700.00,0.091779,36,0,C
SYN0082,2000-01-31,229900.00,229900.00,0.092548,60,0,C
SYN0083,2000-01-31,148200.00,148200.00,0.080888,60,0,C
SYN0084,2000-01-31,317600.00,317600.00,0.080482,120,0,C
SYN0085,2000-01-31,470900.00,470900.00,0.086579,36,0,C
SYN0086,2000-01-31,176900.00,176900.00,0.098209,120,0,C
SYN0087,2000-01-31,236200.00,236200.00,0.099216,60,0,C
SYN0088,2000-01-31,94000.00,94000.00,0.106746,120,0,C
SYN0089,2000-01-31,476000.00,476000.00,0.087017,120,0,C
SYN0090,2000-01-31,286700.00,286700.00,0.078965,36,0,C
SYN0091,2000-01-31,255000.00,255000.00,0.104859,120,0,C
SYN0092,2000-01-31,173700.00,173700.00,0.096175,120,0,C
SYN0093,2000-01-31,308500.00,308500.00,0.102195,60,0,C
SYN0094,2000-01-31,55300.00,55300.00,0.079391,36,0,C
SYN0095,2000-01-31,386700.00,386700.00,0.100507,120,0,C
SYN0096,2000-01-31,246100.00,246100.00,0.095031,60,0,C
SYN0097,2000-01-31,457300.00,457300.00,0.102523,120,0,C
SYN0098,2000-01-31,432700.00,432700.00,0.102007,120,0,C
SYN0099,2000-01-31,92400.00,92400.00,0.080531,36,0,C
SYN0100,2000-01-31,322300.00,322300.00,0.080772,120,0,C
