date,market_rate
1999-06-30,0.075000
1999-07-31,0.074133
1999-08-31,0.071937
1999-09-30,0.074015
1999-10-31,0.072872
1999-11-30,0.068670
1999-12-31,0.067111
2000-01-31,0.067190
2000-02-29,0.068489
2000-03-31,0.068502
2000-04-30,0.068888
2000-05-31,0.070786
2000-06-30,0.070012
2000-07-31,0.068346
2000-08-31,0.067866
2000-09-30,0.067762
2000-10-31,0.067248
2000-11-30,0.066951
2000-12-31,0.071263
2001-01-31,0.071013
2001-02-28,0.071101
2001-03-31,0.072425
2001-04-30,0.072957
2001-05-31,0.074647
2001-06-30,0.072872
2001-07-31,0.072772
2001-08-31,0.073540
2001-09-30,0.074138
2001-10-31,0.076215
2001-11-30,0.079671
2001-12-31,0.077549
2002-01-31,0.073613
2002-02-28,0.071922
2002-03-31,0.073861
2002-04-30,0.073407
2002-05-31,0.070452
2002-06-30,0.070531
2002-07-31,0.070441
2002-08-31,0.071446
2002-09-30,0.070057
2002-10-31,0.068835
2002-11-30,0.065918
2002-12-31,0.063374
2003-01-31,0.062770
2003-02-28,0.062692
2003-03-31,0.062538
2003-04-30,0.061222
2003-05-31,0.059719
2003-06-30,0.058713
2003-07-31,0.058868
2003-08-31,0.060476
2003-09-30,0.059858
2003-10-31,0.060056
2003-11-30,0.058664
2003-12-31,0.057224
2004-01-31,0.057266
2004-02-29,0.053273
2004-03-31,0.052192
2004-04-30,0.050604
2004-05-31,0.051216
2004-06-30,0.049509
2004-07-31,0.052893
2004-08-31,0.052125
2004-09-30,0.051481
2004-10-31,0.052389
2004-11-30,0.054099
2004-12-31,0.054287
2005-01-31,0.055053
2005-02-28,0.054959
2005-03-31,0.055057
2005-04-30,0.052173
2005-05-31,0.054819
2005-06-30,0.056960
2005-07-31,0.060971
2005-08-31,0.059465
2005-09-30,0.057898
2005-10-31,0.060440
2005-11-30,0.061290
2005-12-31,0.061818
2006-01-31,0.059770
2006-02-28,0.061831
2006-03-31,0.062227
2006-04-30,0.063360
2006-05-31,0.062336
2006-06-30,0.061832
2006-07-31,0.062126
2006-08-31,0.064137
2006-09-30,0.066272
2006-10-31,0.067364
2006-11-30,0.067788
2006-12-31,0.068115
2007-01-31,0.068397
2007-02-28,0.069420
2007-03-31,0.067855
2007-04-30,0.069863
2007-05-31,0.073290
2007-06-30,0.075928
2007-07-31,0.073632
2007-08-31,0.075549
2007-09-30,0.073061
2007-10-31,0.073341
2007-11-30,0.072907
2007-12-31,0.074913
2008-01-31,0.075516
2008-02-29,0.073565
2008-03-31,0.071200
2008-04-30,0.070314
2008-05-31,0.070724
2008-06-30,0.071535
2008-07-31,0.070016
2008-08-31,0.070229
2008-09-30,0.069248
2008-10-31,0.068702
2008-11-30,0.068373
2008-12-31,0.067994
2009-01-31,0.066364
2009-02-28,0.064692
2009-03-31,0.063400
2009-04-30,0.062965
2009-05-31,0.063268
2009-06-30,0.061792
2009-07-31,0.061824
2009-08-31,0.061440
2009-09-30,0.062955
2009-10-31,0.064359
2009-11-30,0.063995
2009-12-31,0.062834
2010-01-31,0.060010
2010-02-28,0.056904
2010-03-31,0.056746
2010-04-30,0.056533
2010-05-31,0.057248
2010-06-30,0.056271
2010-07-31,0.052975
2010-08-31,0.054807
2010-09-30,0.055135
2010-10-31,0.055384
2010-11-30,0.056325
2010-12-31,0.057663
